<?xml version="1.0" encoding="UTF-8"?>
<project-private xmlns="http://www.netbeans.org/ns/project-private/1">
    <editor-bookmarks xmlns="http://www.netbeans.org/ns/editor-bookmarks/2" lastBookmarkId="0"/>
    <open-files xmlns="http://www.netbeans.org/ns/projectui-open-files/2">
        <group>
            <file>file:/C:/wamp/www/poilcebharti/getSaravMasterMenu.php</file>
            <file>file:/C:/wamp/www/poilcebharti/getBooks.php</file>
            <file>file:/C:/wamp/www/poilcebharti/getTestSeriesQuestionPaper.php</file>
            <file>file:/C:/wamp/www/poilcebharti/getYashoGatha.php</file>
            <file>file:/C:/wamp/www/poilcebharti/get_e_book.php</file>
            <file>file:/C:/wamp/www/poilcebharti/getImportantNoteMenu.php</file>
            <file>file:/C:/wamp/www/poilcebharti/getChaluGhadamodiMasterMenu.php</file>
            <file>file:/C:/wamp/www/poilcebharti/getTestSeriesMaster.php</file>
        </group>
    </open-files>
</project-private>
